mESC,pro-B,Myotube,Th-cell,Macrophage
NM_001081209,NM_008922,NM_133810,NM_001109661,NM_011518
NM_133833,NM_145996,NM_028133,NM_028331,NM_024214
NM_015818,NM_019790,NM_010866,NM_016754,NM_144539
NM_018872,NM_033563,NM_026830,NM_007598,NM_008625
NM_001005423,NM_027456,NM_028040,NM_008856,NM_011580
NM_008342,NM_027966,NM_001163360,NM_001081345,NM_001163288
NM_025386,NM_008972,NM_178665,NM_010735,NM_001159556
NM_010262,NM_010566,NM_022318,NM_001162366,NM_139232
NM_023755,NM_177646,NM_015740,NM_024214,NR_033185
NM_001081125,NM_009911,NM_175418,NM_021782,NM_144541
NM_008381,NM_007923,NM_031189,NM_007719,NM_007497
NM_134438,NM_007570,NM_027077,NM_009124,NM_007657
NM_001160251,NM_009061,NR_029593,NR_028589,NM_011610
NM_001159769,NM_015811,NM_019978,NM_009741,NM_001004164
NM_008485,NM_010500,NM_008377,NM_153560,NM_028696
NM_021610,NM_001038846,NM_001012324,NM_008349,NM_001033219
NM_030724,NM_018729,NM_001081171,NM_010304,NM_011303
NM_177099,NM_030710,NM_011740,NM_013674,NM_009229
NM_010094,NM_027972,NM_024207,NM_009728,NM_008392
NM_010135,NM_001012330,NM_001081445,NM_027258,NM_009139
NM_001177631,NM_013915,NM_030889,NM_019518,NM_010554
NM_001177650,NM_133815,NM_001033192,NM_019507,NM_001162999
NM_001159634,NM_025626,NM_001111022,NM_008094,NM_001111324
NM_001085507,NM_010160,NM_009408,NM_010560,NM_010748
NM_201366,NM_008859,NM_001160145,NM_011610,NM_175341
NM_009328,NM_008367,NM_001168684,NM_009403,NM_001168513
NM_010495,NM_146115,NM_009407,NM_008367,NM_020007
NM_009823,NM_008114,NM_001159517,NM_176860,NM_134131
NM_172150,NM_175511,NM_029561,NM_008036,NM_001136061
NM_008652,NM_021515,NM_024214,NM_029083,NM_019549
NM_028072,NM_013781,NM_028398,NM_019390,NM_007471
NM_201395,NM_010283,NM_029639,NM_153175,NM_001146122
NM_133218,NM_010053,NM_029791,NM_016769,NM_001001932
NM_011443,NM_021512,NM_012043,NM_172297,NM_010067
NM_025448,NM_001025246,NM_001025576,NM_031183,NM_145128
NM_008562,NM_009020,NM_181073,NM_133867,NM_175406
NM_027241,NM_178886,NM_001146180,NM_024457,NM_019930
NM_001081139,NM_026104,NM_007483,NM_010578,NR_015500
NM_026602,NM_138313,NM_001161365,NM_145713,NM_001085383
NM_130450,NM_026929,NM_026772,NM_010548,NM_010656
NM_001040400,NM_199239,NR_030242,NM_053202,NM_011894
NM_027288,NM_010090,NM_178377,NR_035452,NM_008917
NM_010637,NM_015747,NM_011375,NM_177876,NM_001113464
NM_172872,NM_011170,NM_016696,NM_197993,NR_015567
NM_011400,NM_175445,NM_175114,NM_001085390,NM_145158
NM_009600,NM_138651,NM_153137,NM_134068,NM_013521
NM_008049,NR_030762,NM_001164797,NR_035421,NM_001081227
NM_198618,NM_019761,NM_172608,NM_019429,NM_001083587
NM_001159603,NM_053091,NM_007656,NM_013535,NM_001141932
NM_130879,NM_029512,NM_008487,NM_001033122,NM_009841
NM_007431,NR_028113,NR_029528,NM_008859,NM_001018042
NM_025451,NM_008679,NM_001081298,NM_025889,NM_008677
NM_010139,NM_001159683,NM_001099635,NM_153287,NM_011498
NR_030695,NM_148933,NM_177794,NM_008551,NM_001146119
NR_027137,NM_009801,NR_033552,NM_010177,NM_181754
NM_144531,NM_013531,NM_033607,NM_001163031,NM_205820
NM_009642,NM_019739,NM_009667,NM_177260,NM_001164426
NM_011385,NM_026435,NM_172628,NM_172429,NM_001099738
NM_178390,NM_028808,NM_153412,NM_153408,NM_153591
NM_001080928,NM_027571,NM_011809,NM_016709,NM_173371
NM_008453,NM_008351,NM_001081416,NM_019713,NM_009851
NR_030152,NM_172681,NM_001013441,NM_008080,NR_030449
NM_030704,NM_133665,NM_027758,NM_019726,NR_035446
NM_172424,NM_008562,NM_010713,NM_008337,NM_011803
NM_011535,NM_023320,NM_001034851,NM_027817,NM_001098230
NM_175092,NM_033596,NM_177733,NM_011201,NM_026775
NM_009903,NM_023719,NM_001042487,NM_001177648,NR_002847
NM_029587,NM_133867,NM_029347,NM_009035,NM_007630
NM_018810,NM_007901,NM_027438,NM_010696,NM_001162366
NM_007958,NM_001034168,NM_053098,NM_008689,NM_008879
NM_007836,NM_010703,NM_010437,NM_011223,NM_175318
NM_001166371,NM_001081417,NM_009606,NM_018738,NM_173413
NM_009320,NM_175175,NM_001134383,NM_182806,NM_001017959
NM_007905,NM_019436,NM_001081157,NM_025919,NM_010735
NM_139218,NM_080289,NM_001042699,NM_008452,NM_026439
NM_028016,NM_001163288,NM_001077407,NM_009752,NM_007836
NM_011401,NM_001045514,NM_181072,NM_139200,NM_001033411
NM_007657,NM_030014,NR_036469,NM_008320,NM_172409
NM_008492,NM_053157,NM_053068,NM_027187,NR_029738
NM_029081,NM_146145,NM_134080,NM_153178,NM_133187
NM_021284,NM_001177980,NM_013848,NM_177565,NM_172814
NR_029640,NM_007598,NM_008533,NM_001112715,NM_025588
NM_133777,NR_002865,NM_033218,NM_133978,NM_008139
NM_001024699,NM_001145955,NM_010143,NM_145421,NM_199311
NM_009795,NM_001080819,NM_026056,NM_017380,NM_025760
NR_004443,NM_026257,NR_029557,NM_025626,NM_008349
NM_011274,NM_007431,NM_001110216,NM_007961,NM_007930
NM_025330,NM_011039,NM_001159564,NM_010315,NM_153170
NM_175272,NM_001029837,NM_001033713,NM_011808,NM_019744
NM_021366,NR_029751,NM_001159620,NM_007656,NM_211357
NM_018811,NM_001190445,NM_010425,NM_033601,NM_009163
NM_001146000,NM_001042501,NM_010754,NM_001013365,NM_015811
NM_173011,NM_010427,NM_009668,NM_009318,NM_008681
NM_013659,NM_175249,NM_008560,NM_009896,NM_019388
NM_023403,NM_001081105,NM_011039,NM_009743,NM_016888
NM_001166584,NM_001081104,NM_001081417,NR_002847,NM_010696
NM_009980,NM_139198,NM_024451,NM_001122892,NM_028347
NM_009482,NM_027978,NM_016803,NR_035463,NM_173408
NM_010202,NM_001159650,NM_010928,NM_001103178,NM_027760
NM_024279,NM_025526,NM_010833,NM_017480,NM_207225
NM_019733,NM_009151,NM_009172,NR_036469,NM_145827
NM_176952,NM_133760,NM_172256,NM_010703,NM_152804
NM_015802,NM_172424,NM_025974,NM_009969,NM_001039493
NM_009556,NM_145853,NM_011607,NM_177782,NM_172133
NM_008452,NM_008507,NM_030215,NM_011210,NM_009263
NM_010499,NM_175092,NM_030888,NM_145823,NM_178772
NM_173866,NM_029850,NM_052993,NM_007570,NM_175212
NM_021390,NM_019639,NM_146102,NM_009895,NM_172508
NM_177224,NM_021611,NM_177047,NM_030256,NM_008512
NM_025812,NM_007393,NM_001085453,NM_013660,NM_133723
NM_026942,NM_001010941,NM_028977,NM_010583,NM_010160
NM_025274,NM_153572,NM_001161767,NR_029738,NM_001033301
NM_028838,NM_133898,NM_001037929,NM_001145433,NM_144854
NM_001042503,NM_175048,NM_175347,NM_008696,NM_011815
NM_025974,NM_021892,NM_001081103,NM_001112700,NM_007481
NM_175114,NR_029719,NM_001081425,NM_009886,NM_001033122
NM_001177776,NM_010070,NM_001101433,NM_001163189,NM_013918
NM_001161845,NM_001037727,NM_172768,NM_009843,NM_001003948
NM_001161848,NM_008881,NM_012026,NM_054050,NM_001146201
NM_026113,NM_001178058,NM_139298,NM_009578,NM_027058
NR_035450,NM_001197321,NM_008535,NM_026170,NM_172424
NM_029083,NM_053202,NM_133805,NM_018754,NM_011355
NM_027384,NM_001166432,NM_001163660,NM_026257,NM_001166391
NM_178606,NM_144815,NM_001081100,NM_053008,NM_175476
NM_024440,NM_001128151,NM_008549,NM_010194,NM_175091
NM_175329,NM_013545,NM_177909,NM_019952,NM_008869
NM_009929,NM_001033122,NM_010254,NM_008577,NM_175512
NM_008162,NM_019426,NM_001034891,NM_007548,NM_133847
NM_001017525,NM_008511,NM_178888,NM_027127,NM_080708
NM_001083587,NM_010656,NM_133904,NM_001081067,NM_001038664
NM_001159401,NM_019923,NM_145500,NM_009128,NM_030599
NM_172496,NM_001178001,NR_033631,NM_178890,NM_001033135
NM_023146,NM_026355,NM_144534,NM_001081104,NM_024173
NM_011694,NM_007655,NM_024291,NM_145928,NM_021461
NM_021327,NM_001163554,NM_019737,NM_001081417,NM_011113
NM_028448,NM_011577,NM_175344,NR_028555,NM_176839
NM_178656,NM_011756,NM_173033,NM_001042564,NM_033144
NM_177392,NM_011662,NM_172868,NM_027209,NM_054102
NM_001034097,NM_007645,NM_011424,NM_011681,NM_019946
NM_008952,NM_021366,NM_001039669,NM_008353,NM_130796
NM_054043,NM_001081345,NM_177068,NM_010223,NM_199221
NM_139311,NM_013659,NM_001081970,NM_025967,NM_007498
NM_001176528,NM_008803,NM_008609,NM_010876,NM_011862
NM_011551,NR_015614,NM_194350,NM_010559,NM_010187
NM_010838,NM_011671,NM_011923,NM_009852,NM_011227
NM_145823,NR_029791,NM_175484,NM_027136,NM_007385
NR_027059,NR_028079,NM_153114,NM_133694,NM_177653
NM_007707,NM_010826,NM_010708,NM_008026,NM_028341
NM_008709,NM_025846,NM_025961,NM_008372,NM_001197321
NR_033689,NM_011965,NM_198602,NM_009630,NM_027430
NM_010907,NM_007908,NM_001081225,NM_010581,NM_008605
NM_145442,NM_021887,NR_027784,NM_134250,NM_001134791
NM_011934,NM_011363,NM_016667,NM_011193,NM_053110
NM_145836,NM_029609,NM_153179,NM_013542,NM_001077515
NM_172584,NM_175268,NM_146001,NM_008494,NM_001081274
NM_001135001,NR_035488,NR_030423,NM_011385,NM_011994
NM_012023,NM_011288,NM_026514,NM_015811,NM_001174170
NM_008291,NM_031257,NM_001163031,NM_001077509,NM_010705
NM_007974,NM_172911,NM_145144,NM_144551,NM_145933
NM_007930,NM_177304,NM_010019,NM_008562,NM_001113198
NR_035442,NM_010592,NM_001164048,NR_003523,NM_007945
NM_017479,NM_009001,NM_009881,NM_027898,NM_016917
NM_144841,NM_029736,NM_001039723,NM_027238,NM_172803
NM_001039198,NM_010499,NM_001098230,NM_025892,NM_010130
NM_021480,NM_008535,NM_001007569,NM_007569,NM_144549
NM_001081177,NM_022331,NM_053245,NM_001176528,NM_172844
NM_013514,NM_018882,NM_144536,NM_001037727,NM_007483
NM_009366,NM_173036,NM_018865,NM_007888,NM_001111023
NR_015485,NM_001042715,NM_175511,NM_145836,NM_001085355
NM_009769,NM_010901,NM_054043,NM_011616,NM_028053
NM_011897,NM_027570,NM_001024617,NM_025400,NM_175155
NM_001034851,NM_172285,NM_023844,NM_021399,NM_011539
NR_003368,NM_028071,NM_009775,NM_146187,NM_080555
NM_001110827,NM_178856,NM_001170868,NM_007872,NM_001081304
NM_001033274,NM_009941,NM_028262,NM_172500,NM_026268
NM_178114,NM_145605,NM_001145660,NM_008302,NM_021272
NM_028003,NM_001081121,NM_080728,NM_008413,NM_001001806
NM_021391,NM_011136,NM_007836,NM_008479,NM_008515
NM_001003918,NM_028820,NM_010656,NM_020271,NM_010604
NM_013506,NM_007783,NM_007378,NM_007746,NM_030732
NM_133752,NM_026942,NM_027990,NM_009192,NM_176829
NM_023844,NM_001083927,NM_009702,NM_145968,NM_178045
NM_001159517,NM_177460,NM_011406,NM_011498,NM_001081084
NM_013642,NM_153119,NM_146106,NM_021366,NM_183029
NR_036469,NM_173731,NM_029122,NM_177683,NM_001081298
NM_008842,NM_026122,NM_009600,NM_009851,NM_001159572
NM_010831,NM_007502,NM_178722,NM_153138,NM_010581
NM_013633,NM_011279,NM_007416,NM_001038846,NM_021366
NM_001115075,NM_001002896,NR_028307,NM_025816,NM_001111100
NM_146477,NM_053159,NM_001160422,NM_001037298,NM_001177980
NM_001111313,NM_133978,NM_145983,NM_009373,NM_008913
NM_001081636,NM_009371,NM_021323,NM_010437,NR_015548
NM_172963,NM_031185,NM_001164437,NR_003283,NM_001014398
NM_001164077,NM_010511,NM_022995,NM_177301,NM_053109
NM_001164074,NM_178258,NM_010017,NM_011893,NM_013610
NM_001195766,NM_026113,NM_177860,NM_010009,NM_011945
NM_008989,NM_001081054,NM_009694,NM_009331,NM_010344
NM_022996,NM_011156,NM_144537,NM_027514,NM_010819
NM_011898,NM_019965,NM_025500,NM_010090,NM_175751
NM_026135,NM_016803,NM_054050,NM_175436,NM_001005419
NR_029557,NM_009514,NM_026752,NM_009421,NM_008777
NM_001042660,NM_007705,NM_001146349,NM_027668,NM_001025255
NM_201354,NM_172457,NM_001110830,NM_001113351,NM_009014
NR_003513,NM_010304,NM_145928,NM_001190461,NM_001168525
NM_001033759,NM_001042523,NM_026713,NM_033042,NM_009987
NM_010638,NM_001079876,NR_003513,NM_018788,NM_027077
NM_015826,NM_001080134,NM_028044,NM_008138,NM_172664
NR_028427,NM_013508,NM_013553,NM_010688,NM_026376
NM_027227,NM_009950,NM_010325,NM_027975,NR_024017
NR_003188,NM_026268,NM_198018,NM_001025103,NM_001013373
,NM_009344,NM_007570,NM_009382,NM_019519
,NM_027468,NM_029657,NM_029116,NM_001109657
,NM_001014390,NM_144854,NM_028139,NM_021384
,NM_028669,NM_023041,NM_138306,NM_029075
,NM_009578,NM_001037127,NM_019639,NM_001030289
,NM_016672,NM_007504,NM_007393,NR_035444
,NM_001190448,NM_027966,NM_001113358,NM_001145920
,NM_001159290,NM_001159634,NM_011659,NM_177260
,NM_009288,NM_175174,NM_172161,NM_007807
,NM_024475,NM_031378,NM_027871,NM_009982
,NM_007897,NM_019743,NR_033514,NM_007508
,NM_029976,NR_033786,NM_008974,NM_008855
,NM_011340,NM_019390,NM_001024617,NM_001099624
,NM_001164570,NM_019835,NM_001166432,NM_001113478
,NM_011408,NM_133771,NM_175291,NR_033595
,NR_029738,NM_025376,NM_028047,NM_019992
,NM_031386,NM_023049,NM_011246,NR_027659
,NR_029555,NM_172805,NM_007705,NR_030695
,NM_054043,NM_001033306,NR_015512,NM_133211
,NM_001038664,NM_054099,NM_019748,NM_001168526
,NM_207231,NM_021544,NM_026240,NM_026405
,NM_001176528,NM_053102,NM_001037744,NM_023118
,NM_024456,NM_133739,NM_001177812,NM_153119
,NM_025654,NM_008011,NM_010238,NM_008404
,NM_025404,NM_009083,NM_016742,NM_008026
,NM_008339,NM_025818,NM_001081636,NM_010657
,NM_011101,NM_001083927,NM_029332,NM_019636
,NM_001113488,NM_177282,NM_001024468,NM_001190356
,NM_001195088,NM_001113386,NM_001033538,NM_172867
,NM_027919,NM_133998,NM_028454,NM_010329
,NM_001112700,NM_028902,NM_011408,NM_009911
,NM_001112699,NM_009932,NM_009296,NM_009183
,NM_007625,NM_001110845,NM_008967,NM_010026
,NM_172443,NM_019417,NM_008359,NM_007509
,NM_001146119,NM_001037937,NM_009021,NM_172666
,NM_011968,NM_025768,NM_027185,NR_024599
,NM_016893,NM_007384,NM_028696,NM_153153
,NM_009014,NM_010160,NM_053095,NM_007961
,NM_145836,NM_027266,NM_011817,NM_011333
,NM_023049,NM_024197,NM_015806,NR_003523
,NM_153776,NM_026551,NM_011352,NM_013842
,NM_001009545,NM_011221,NM_183175,NM_008452
,NM_175930,NM_024173,NM_175092,NM_001080944
,NM_175007,NM_021433,NM_010234,NM_001166402
,NM_024270,NM_029580,NM_009794,NM_021878
,NM_178199,NM_011711,NM_001037294,NM_011519
,NM_178201,NM_009320,NM_133897,NM_009915
,NM_178198,NM_028898,NM_001081150,NM_134133
,NR_015492,NM_001081412,NM_172371,NM_009177
,NM_178187,NM_028079,NM_001001932,NM_008509
,NM_178208,NM_022992,NM_010511,NM_011723
,NM_001166030,NM_175437,NM_026414,NM_009941
,NM_025508,NM_173866,NM_011662,NM_021364
,NM_011518,NM_134068,NM_013508,NM_007569
,NM_009946,NM_001033340,NM_001033236,NM_001033463
,NM_028597,NM_001159603,NM_011400,NM_020505
,NM_145976,NM_009572,NM_009419,NM_010432
,NM_028878,NM_019965,NM_010067,NM_016773
,NM_008369,NM_001001979,NM_001159367,NM_026482
,NM_021504,NM_001122639,NM_011346,NM_053108
,NM_183208,NM_176829,NM_007976,NM_183208
,NR_033492,NM_009871,NM_010431,NM_148922
,NM_001114879,NM_023117,NM_001160251,NM_001145954
,NM_001033668,NM_008037,NM_001017426,NM_001163396
,NM_028932,NM_001081185,NM_001111022,NM_177337
,NM_025295,NM_013831,NR_029821,NM_027482
,NM_001146022,NM_199364,NR_015614,NM_028478
,NM_001123371,NM_001145920,NM_177320,NM_178119
,NM_001162863,NM_144900,NM_017464,NM_011520
,NM_183175,NM_010722,NM_001042660,NM_172647
,NM_008915,NM_133665,NM_008668,NM_013642
,NM_008115,NM_001004149,NM_001159538,NM_011034
,NM_008879,NM_133816,NM_013807,NM_172589
,NM_001081377,NM_024174,NR_027893,NM_198601
,NM_029341,NM_024474,NM_019572,NM_019464
,NM_026002,NM_011552,NM_144541,NM_008310
,NM_181317,NM_146224,NM_009800,NM_028166
,NM_011740,NM_008881,NM_207653,NM_007493
,NM_031378,NR_026944,NM_133757,NM_026669
,NM_009192,NM_027885,NM_001177674,NM_007564
,NM_008975,NM_009317,NM_008338,NM_176919
,NM_001099217,NM_007662,NM_172785,NM_023456
,NM_172611,NM_030207,NM_007642,NM_145148
,NM_145475,NM_019397,NM_030732,NM_144846
,NM_178114,NR_028575,NM_010500,NM_001024604
,NM_019572,NM_013905,NM_173398,NM_010120
,NM_010679,NM_008842,NM_025954,NM_018824
,NM_001162932,NM_019739,NM_023402,NM_025655
,NM_028964,NM_011682,NM_144539,NM_030692
,NM_001190325,NM_001164791,NM_026942,NM_010421
,NM_016983,NM_175270,NM_001164374,NM_172903
,NM_009744,NM_001163356,NM_001025255,NM_001177753
,NM_178665,NM_007582,NR_027805,NM_008533
,NM_027904,NM_011106,NM_001163632,NM_028162
,NM_001033539,NM_001166585,NM_001081105,NM_010730
,NM_010739,NR_029552,NM_026071,NM_022026
,NM_010581,NR_033813,NM_008136,NM_011210
,NM_018784,NM_177901,NM_028283,NM_009878
,NM_010954,NM_201389,NM_199322,NM_009744
,NM_008338,NM_018745,NM_022305,NM_178886
,NR_030429,NM_029569,NM_018851,NR_027968
,NM_133659,NM_001167873,NM_007420,NM_019971
,NM_080553,NM_009324,NM_011530,NM_016740
,NM_146075,NM_153778,NM_018865,NM_175165
,NM_001159538,NM_001029838,NM_025412,NM_025779
,NM_008842,NM_001159965,NM_008417,NM_023409
,NM_033444,NM_001170847,NM_178901,NM_178446
,NM_010735,NM_175279,NM_178803,NM_010228
,NM_134122,NM_001081242,NM_013730,NM_001033348
,NM_009505,NM_178608,NM_008972,NM_007901
,NM_001081636,NM_194053,NM_007783,NM_030563
,NM_007632,NM_001164745,NM_017373,NM_198019
,NM_001033405,NM_018866,NM_021549,NM_133685
,NM_009372,NM_010168,NM_001001735,NM_175497
,NM_001001806,NM_144945,NM_176836,NM_010500
,NM_001167539,NM_028937,NM_001033399,NM_013737
,NM_134112,NM_016752,NM_001083810,NM_001081279
,NM_009668,NR_029465,NM_009917,NM_133933
,NM_133687,NM_001081243,NM_001136073,NM_027678
,NM_007858,NM_025368,NM_028669,NM_001013365
,NM_018744,NM_011596,NM_001111111,NM_001168404
,NM_175751,NM_008947,NM_021878,NR_024078
,NM_001083967,NM_013867,NM_001081157,NM_009397
,NM_026316,NR_029649,NM_001162433,NM_001164369
,NM_144532,NM_011529,NM_001163631,NM_010818
,NM_031868,NR_033514,NR_029532,NM_021293
,NM_027196,NM_010101,NM_177397,NM_001081045
,NM_130863,NM_007389,NM_194334,NM_001025377
,NR_002847,NM_016749,NM_025275,NM_009464
,NR_003513,NM_026473,NM_021887,NM_028608
,NM_011242,NM_025459,NM_008404,NM_182782
,NM_001168526,NM_008393,NM_010592,NM_028835
,NM_008960,NM_025873,NM_009430,NM_007420
,NM_009345,NM_009238,NM_133769,NM_013515
,NM_031376,NM_201411,NR_033689,NM_001081163
,NM_009128,NM_013471,NM_172457,NM_001163572
,NM_009127,NM_026837,NR_029457,NR_029751
,NM_053100,NM_080595,NM_001164598,NM_175164
,NR_028427,NM_023716,NM_019732,NM_178606
,NM_145505,NM_018882,NM_001033465,NM_029153
,NM_028773,NM_001001884,NM_001162970,NM_023813
,NM_019680,NM_177305,NR_029768,NM_172591
,NM_001101606,NM_001122739,NM_011337,NM_173182
,NM_021278,NM_001033213,NM_001197321,NM_177028
,,NM_172487,NM_008842,NM_029756
,,NM_145132,NM_007913,NM_133749
,,NM_026316,NM_172688,NM_001001182
,,NM_001083957,NM_009983,NM_019793
,,NM_016758,NM_013486,NM_023305
,,NM_001039510,NM_008377,NM_031198
,,NM_009423,NM_010902,NM_031881
,,NM_001163175,NM_013571,NR_027478
,,NM_029624,NM_028133,NM_183249
,,NM_053100,NM_023049,NM_001167981
,,NM_008481,NR_003623,NM_030060
,,NM_025994,NM_018853,NM_033563
,,NM_001037724,NM_008879,NM_008655
,,NM_023336,NM_001168526,NM_001114332
,,NR_001592,NM_053100,NM_021539
,,NM_001142918,NM_001042501,NM_012054
,,NM_145617,NM_008655,NM_183158
,,NM_177652,NM_018781,NM_001164071
,,NR_033304,NM_008979,NM_138597
,,NM_144846,NM_007498,NM_001109661
,,NM_025807,NM_026381,NM_026092
,,NR_002452,NM_001083318,NM_026718
,,NM_009911,NR_028424,NM_053214
,,NM_001033208,NM_013839,NM_177378
,,NM_146057,NM_010743,NM_026644
,,NM_001034878,NM_001159375,NM_001166375
,,NM_008343,NM_011756,NM_001099634
,,NM_146250,NM_010472,NM_020600
,,NM_009851,NM_023374,NM_133757
,,NM_009014,NM_028451,NM_018797
,,NM_001081347,NM_177603,NM_009864
,,NM_178715,NM_001033805,NM_178367
,,NM_030749,NM_008844,NM_176912
,,NM_008845,NM_025664,NM_016920
,,NM_001159509,NM_010813,NM_009856
,,NM_013645,NM_007707,NM_009419
,,NM_001029889,NM_001166385,NM_008982
,,NM_029381,NM_008515,NM_010928
,,NM_133641,NM_009744,NM_026829
,,NM_145445,NM_027882,NM_133819
,,NM_001081636,NM_015743,NM_009412
,,NM_001033145,NM_009829,NM_008538
,,NM_013681,NM_144549,NM_030174
,,NM_011156,NM_001163565,NM_010217
,,NM_001163480,NM_008132,NM_008391
,,NM_175456,NM_028041,NM_008873
,,NM_010831,NR_029793,NM_010293
,,NM_172925,NM_007481,NM_001005864
,,NR_029822,NM_001145970,NM_010560
,,NM_027721,NM_021606,NM_009396
,,NM_023245,NM_001081044,NM_009983
,,NM_177289,NM_001167996,NM_178716
,,NM_009082,NM_134074,NM_011756
,,NM_007880,NM_175104,NM_001136075
,,NM_030565,NM_001146027,NM_027749
,,NM_028863,NM_008037,NM_026331
,,NM_013692,NR_030494,NM_146244
,,NM_178406,NM_027427,NM_133825
,,NM_172809,NM_015732,NM_029049
,,NM_177445,,NM_145375
,,NM_146155,,NM_178729
,,NM_172505,,NM_024226
,,NM_001163300,,NM_029635
,,NM_178692,,NM_001013813
,,NM_013635,,NM_030249
,,NM_133249,,NM_011175
,,NM_001161818,,NM_145073
,,NM_008453,,NM_019580
,,NM_001195596,,NR_015474
,,NM_028921,,NM_009230
,,NM_007631,,NM_029682
,,NM_001083934,,NM_001114311
,,NM_007984,,NM_008425
,,NM_011817,,NM_021507
,,NM_026315,,NM_026474
,,NM_008795,,NM_001033238
,,NM_008337,,NM_007570
,,NM_010078,,NM_001195633
,,NM_010745,,NM_011146
,,NM_033320,,NR_029532
,,NM_008083,,NM_008098
,,NM_009416,,NM_029422
,,NM_030145,,NM_001083927
,,NM_198294,,NM_001145433
,,NM_001080979,,NM_028127
,,NM_146071,,NM_183034
,,NM_026599,,NM_008357
,,NM_178615,,NR_033140
,,NM_181401,,NM_018747
,,NM_178119,,NM_183390
,,NM_177378,,NM_001033299
,,NM_001177794,,NM_020265
,,NM_010818,,NM_001177833
,,NM_018825,,NM_007548
,,NM_001005422,,NM_024406
,,NM_007956,,NM_028079
,,NM_001001986,,NM_008562
,,NM_172484,,NM_145156
,,NM_001164251,,NM_175291
,,NM_178267,,NM_008359
,,NM_008592,,NM_001037727
,,NM_024286,,NM_026283
,,NM_172418,,NM_010821
,,NR_033430,,NM_145923
,,NM_030719,,NM_001111275
,,NM_023580,,NM_028940
,,NM_178930,,NM_028248
,,NM_001136075,,NM_001081074
,,NM_001198566,,NM_008410
,,NR_035495,,NM_011673
,,NM_008968,,NM_008964
,,NM_145420,,NM_026178
,,NM_014193,,NM_015737
,,NM_009023,,NM_010740
,,NM_029736,,NM_010637
,,NR_015485,,NM_153389
,,NR_030254,,NM_175088
,,NM_001081310,,NM_194334
,,NM_145923,,NM_016846
,,NM_001081418,,NM_009140
,,NM_173785,,NM_031165
,,NM_001145929,,NM_023598
,,NM_182994,,NM_013508
,,NM_025964,,NM_008131
,,NM_011780,,NM_009662
,,NM_008250,,NR_027838
,,NM_007433,,NM_018869
,,NM_010637,,NM_001159517
,,NM_134086,,NM_011414
,,NM_172721,,NR_003648
,,NM_025681,,NM_183031
,,NM_019636,,NM_007972
,,NR_029532,,NM_031378
,,NM_026634,,NM_026654
,,NM_145857,,NM_028639
,,NM_001083808,,NM_028110
,,NM_022422,,NM_172722
,,NM_030024,,NM_001136484
,,NM_146131,,NM_009645
,,NM_001113412,,NM_177304
,,NM_172964,,NM_025494
,,NM_025833,,NM_133218
,,NM_030004,,NM_178626
,,NM_011851,,NM_025282
,,NM_026161,,NM_028182
,,NM_011351,,NM_024473
,,NM_008732,,NM_015753
,,NM_008296,,NM_009192
,,NM_029810,,NM_027881
,,NM_001161362,,NM_133753
,,NM_152808,,NM_028724
,,,,NM_027496
,,,,NM_030701
,,,,NM_144797
,,,,NM_008898
,,,,NM_145399
,,,,NM_019540
,,,,NM_009890
,,,,NM_001164598
,,,,NM_145943
,,,,NM_001008702
,,,,NM_207176
,,,,NM_010634
,,,,NM_153159
,,,,NM_021451
,,,,NM_010295
,,,,NM_011990
,,,,NM_053180
,,,,NM_001177379
,,,,NM_026267
,,,,NM_010188
,,,,NM_175645
,,,,NM_001171007
,,,,NM_013626
,,,,NM_019980
,,,,NM_028943
,,,,NM_007421
,,,,NM_001168646
,,,,NM_011056
,,,,NM_001163753
,,,,NM_001141965
,,,,NM_013635
,,,,NM_011337
,,,,NM_001081143
,,,,NM_153596
,,,,NM_001170395
,,,,NM_017373
,,,,NM_007547
,,,,NM_001081177
,,,,NM_153510
,,,,NM_010508
,,,,NM_008881
,,,,NM_023066
,,,,NM_178665
,,,,NM_013928
,,,,NM_010233
,,,,NM_001113326
,,,,NM_181397
,,,,NM_172856
,,,,NM_013560
,,,,NM_199033
,,,,NM_001113423
,,,,NM_146040
,,,,NR_033190
,,,,NM_198301
,,,,NR_030439
,,,,NM_019873
,,,,NM_001004363
,,,,NM_029364
,,,,NM_023647
,,,,NM_001013779
,,,,NM_029332
,,,,NM_025626
,,,,NM_008176
,,,,NR_036456
,,,,NM_008551
,,,,NM_148932
,,,,NM_145398
,,,,NM_001111096
,,,,NM_178682
,,,,NM_011626
,,,,NM_007858
,,,,NR_033469
,,,,NM_001145858
,,,,NM_023668
,,,,NM_139065
,,,,NM_144821
,,,,NR_015587
,,,,NM_053202
,,,,NM_026179
,,,,NM_023735
,,,,NM_025424
,,,,NM_175127
,,,,NM_029619
,,,,NM_007392
,,,,NM_133219
,,,,NM_138956
,,,,NM_001134384
,,,,NM_016796
,,,,NM_183103
,,,,NM_030220
,,,,NM_198644
,,,,NM_177715
,,,,NM_019835
,,,,NM_023913
,,,,NM_007502
,,,,NM_011420
,,,,NM_001033443
,,,,NM_175121
,,,,NM_016891
,,,,NM_013820
,,,,NM_029623
,,,,NM_001110276
,,,,NM_010119
,,,,NM_175489
,,,,NM_153800
,,,,NM_175644
,,,,NM_001167746
,,,,NM_010197
,,,,NM_001195031
,,,,NM_001033966
,,,,NM_177068
,,,,NM_207653
,,,,NM_001168623
,,,,NM_001111330
,,,,NM_001083934
,,,,NM_207636
,,,,NM_001163761
,,,,NM_019456
,,,,NM_133733
,,,,NM_001081346
,,,,NM_184088
,,,,NM_133810
,,,,NM_030245
,,,,NM_026028
,,,,NM_016762
,,,,NM_015774
,,,,NM_145537
,,,,NM_027460
,,,,NM_021325
,,,,NM_021457
,,,,NM_028953
,,,,NM_026189
,,,,NM_007774
,,,,NM_001130165
,,,,NM_001034851
,,,,NM_007924
,,,,NM_178279
,,,,NM_008321
,,,,NM_008380
,,,,NM_008250
,,,,NM_172771
,,,,NR_003513
,,,,NM_001159562
,,,,NM_013454
,,,,NM_001081117
,,,,NM_138306
,,,,NM_001025577
,,,,NM_144559
,,,,NM_172289
,,,,NM_016716
,,,,NM_009594
,,,,NM_010106
,,,,NM_027668
,,,,NM_011099
,,,,NM_009870
,,,,NM_001122768
,,,,NM_001034910
,,,,NM_176845
,,,,NM_001164791
,,,,NM_027758
,,,,NM_013489
,,,,NM_001113569
,,,,NM_010591
,,,,NM_152817
,,,,NM_025453
,,,,NM_172955
,,,,NM_026922
,,,,NM_145976
,,,,NR_029457
,,,,NM_001122639
,,,,NR_028589
,,,,NM_029767
,,,,NM_008336
,,,,NM_025774
,,,,NM_022019
,,,,NM_022018
,,,,NM_009317
,,,,NM_025927
,,,,NM_029721
,,,,NM_201518
,,,,NM_010162
,,,,NM_001045528
,,,,NM_025446
,,,,NM_026746
,,,,NM_001081212
,,,,NM_021297
,,,,NM_183391
,,,,NR_035428
,,,,NM_008338
,,,,NM_008152
,,,,NM_172791
,,,,NM_010330
,,,,NM_010230
,,,,NM_172939
,,,,NM_011604
,,,,NM_053119
,,,,NM_001099277
,,,,NM_009456
,,,,NM_011426
,,,,NM_001142336
,,,,NM_133688
,,,,NM_177184
,,,,NM_027572
,,,,NM_008591
,,,,NM_011479
,,,,NM_010266
,,,,NM_172769
,,,,NM_001077407
,,,,NM_009471
,,,,NM_001025430
,,,,NM_009266
,,,,NM_028852
,,,,NM_028810
,,,,NR_030429
,,,,NM_011905
,,,,NM_009912
,,,,NM_153054
,,,,NM_010683
,,,,NM_010728
,,,,NM_008173
,,,,NM_001040400
,,,,NM_026341
,,,,NM_008842
,,,,NM_008160
,,,,NM_007798
,,,,NM_144835
,,,,NM_172255
,,,,NM_025967
,,,,NM_020008
,,,,NM_010902
,,,,NM_030691
,,,,NM_007585
,,,,NM_016721
,,,,NM_028803
,,,,NM_027840
,,,,NM_010433
,,,,NM_177343
,,,,NM_019727
,,,,NM_013590
,,,,NM_026550
,,,,NM_009072
,,,,NM_022984
,,,,NM_027578
,,,,NM_001161365
,,,,NM_032002
,,,,NM_011198
,,,,NM_146139
,,,,NM_010248
,,,,NR_028264
,,,,NM_016921
,,,,NM_198894
,,,,NM_007975
,,,,NM_001101433
,,,,NM_001081011
,,,,NM_029810
,,,,NM_001039657
,,,,NM_011201
,,,,NM_001033393
,,,,NM_144761
,,,,NR_033630
,,,,NM_133761
,,,,NM_177320
,,,,NM_010234
,,,,NM_023324
,,,,NM_010497
,,,,NM_172967
,,,,NM_146097
,,,,NM_144788
,,,,NM_030724
,,,,NM_008144
,,,,NM_001162921
,,,,NM_022410
,,,,NM_008037
,,,,NM_175437
,,,,NM_009593
,,,,NM_016719
,,,,NM_001168403
,,,,NM_139061
,,,,NR_027893
,,,,NM_007912
,,,,NM_001038641
,,,,NR_029795
,,,,NM_010777
,,,,NM_178589
,,,,NM_027188
,,,,NM_019688
,,,,NM_001162913
,,,,NM_172420
,,,,NM_177123
,,,,NM_013890
,,,,NM_178883
,,,,NR_015543
,,,,NM_027808
,,,,NM_133741
,,,,NM_010053
,,,,NM_024194
,,,,NM_145528
,,,,NM_001163154
,,,,NM_024281
,,,,NM_001168277
,,,,NM_139297
,,,,NM_001114312
,,,,NM_001037127
,,,,NM_001033341
,,,,NM_010907
,,,,NM_001048207
,,,,NM_001177392
,,,,NM_001145096
,,,,NM_177686
,,,,NM_001005509
,,,,NM_011931
,,,,NM_133839
,,,,NM_023129
,,,,NM_138595
,,,,NM_009215
,,,,NM_007619
,,,,NM_007386
,,,,NM_001024474
,,,,NM_009931
,,,,NM_029780
,,,,NM_001177412
,,,,NM_020047
,,,,NM_144921
,,,,NM_023380
,,,,NM_177688
,,,,NM_010401
,,,,NM_001033228
,,,,NM_001001309
,,,,NM_153087
,,,,NM_183270
,,,,NM_026371
,,,,NM_001039537
,,,,NM_001177469
,,,,NM_008547
,,,,NM_172405
,,,,NM_027872
,,,,NM_134257
,,,,NM_007607
,,,,NM_019564
,,,,NM_001122733
,,,,NM_001163314